ID_DoiTuong,Ten_CongTrinh,Ten_XaPhuong,Nhom_HaTang,Latitude,Longitude,QuyMo_HT,QuyMo_QH,BanKinh,TrangThai,ThoiGianCapNhat,Note,Nguon,TuyenPhucVu,HinhThuc,CanKiemTra
BUS-001,22 An Dương Vương,An Cựu,Cấp đô thị,16.452800,107.601283,0,0,500,TRUE,02/10/2026,Nguồn mở: data.hue.gov.vn (DLM-Hue:28),data.hue.gov.vn,"03,04,06,09,10,11,18",Đặt biển báo,
BUS-002,"Km7+10 (T), Ngã 3 Đường Đê Tây Phá Đông (Thôn Lưu Khánh, Xã Phú Dương, Huyện Phú Vang)",Dương Nỗ,Cấp đô thị,16.515900,107.610333,0,0,500,TRUE,02/10/2026,Nguồn mở: data.hue.gov.vn (DLM-Hue:3),data.hue.gov.vn,"03,08",Đặt biển báo,
BUS-003,"Đối diện Trung tâm pha mẫu sơn Ngọc Linh, Xã Phú Dương, Phú Vang",Dương Nỗ,Cấp đô thị,16.513567,107.606050,0,0,500,TRUE,02/10/2026,Nguồn mở: data.hue.gov.vn (DLM-Hue:4),data.hue.gov.vn,"03,08",Đặt biển báo,
BUS-004,Đối diện Trường Cao đẳng Công Nghệ Huế CS2,Dương Nỗ,Cấp đô thị,16.511967,107.602567,0,0,500,TRUE,02/10/2026,Nguồn mở: data.hue.gov.vn (DLM-Hue:5),data.hue.gov.vn,"03,08",Đặt nhà chờ 8 mét,
BUS-005,"Chợ Nọ(T), Lưu Khánh, Phú Vang (THCS Phú Dương Cách 100m)",Dương Nỗ,Cấp đô thị,16.510050,107.601350,0,0,500,TRUE,02/10/2026,Nguồn mở: data.hue.gov.vn (DLM-Hue:6),data.hue.gov.vn,"03,08,15",Đặt biển báo,
BUS-006,252 Lý Thái Tổ,Hương An,Cấp đô thị,16.492133,107.536733,0,0,500,TRUE,02/10/2026,Nguồn mở: data.hue.gov.vn (DLM-Hue:37),data.hue.gov.vn,"04,07,13,18",Đặt nhà chờ 6 mét,
BUS-007,188 Lý Thái Tổ,Hương An,Cấp đô thị,16.488000,107.543000,0,0,500,TRUE,02/10/2026,Nguồn mở: data.hue.gov.vn (DLM-Hue:36),data.hue.gov.vn,"04,07,13,18",Đặt biển báo,
BUS-008,Trước bến xe Phía Bắc,Hương An,Cấp đô thị,16.485750,107.546383,0,0,500,TRUE,02/10/2026,"Nguồn mở: data.hue.gov.vn + OSM (DLM-Hue:35; OSM:node/4794363421)",data.hue.gov.vn + OSM,"04,07,13,18",Đặt nhà chờ 10 mét,
BUS-009,Công Viên An Hòa,Hương An,Cấp đô thị,16.480117,107.555767,0,0,500,TRUE,02/10/2026,Nguồn mở: data.hue.gov.vn (DLM-Hue:2),data.hue.gov.vn,"01,04,07,09,13,18",Đặt biển báo,
BUS-010,370 Lý Nhân Tông,Hương Trà,Cấp đô thị,16.511150,107.498867,0,0,500,TRUE,02/10/2026,Nguồn mở: data.hue.gov.vn (DLM-Hue:51),data.hue.gov.vn,"04,07,13,18",Đặt biển báo,
BUS-011,302 Lý Nhân Tông (Đối diện Ga Văn Xá),Kim Trà,Cấp đô thị,16.508683,107.503783,0,0,500,TRUE,02/10/2026,Nguồn mở: data.hue.gov.vn (DLM-Hue:50),data.hue.gov.vn,"04,07,13,18",Đặt biển báo,
BUS-012,232 Lý Nhân Tông (UBND Phường Hương Xuân),Kim Trà,Cấp đô thị,16.506433,107.508250,0,0,500,TRUE,02/10/2026,Nguồn mở: data.hue.gov.vn (DLM-Hue:49),data.hue.gov.vn,"04,07,13,18",Đặt biển báo,
BUS-013,188 Lý Nhân Tông,Kim Trà,Cấp đô thị,16.503883,107.513250,0,0,500,TRUE,02/10/2026,Nguồn mở: data.hue.gov.vn (DLM-Hue:48),data.hue.gov.vn,"04,07,13,18",Đặt biển báo,
BUS-014,"Km 815+800 QL1A (T) (gần đường vào Giáp Thượng, xã Hương Toàn)",Kim Trà,Cấp đô thị,16.501917,107.517233,0,0,500,TRUE,02/10/2026,Nguồn mở: data.hue.gov.vn (DLM-Hue:46),data.hue.gov.vn,"04,07,13,18",Đặt biển báo,
BUS-015,Km 816+900 QL1A (T) (Gần đường tỉnh 8B và trường THPT Đặng Huy Trứ),Kim Trà,Cấp đô thị,16.496333,107.528367,0,0,500,TRUE,02/10/2026,Nguồn mở: data.hue.gov.vn (DLM-Hue:39),data.hue.gov.vn,"04,07,13,18",Đặt biển báo,
BUS-016,Cổng làng La Chữ - Km81+400 QL 1A (T),Kim Trà,Cấp đô thị,16.494600,107.531800,0,0,500,TRUE,02/10/2026,Nguồn mở: data.hue.gov.vn (DLM-Hue:38),data.hue.gov.vn,"04,07,13,18",Đặt nhà chờ 6 mét,
BUS-017,Bưu điện Thôn Trung Đông,Mỹ Thượng,Cấp đô thị,16.503400,107.599550,0,0,500,TRUE,02/10/2026,Nguồn mở: data.hue.gov.vn (DLM-Hue:8),data.hue.gov.vn,"03,08,15",Đặt nhà chờ 8 mét,
BUS-018,Đối diện Số 2A đường Thôn Nam Thượng,Mỹ Thượng,Cấp đô thị,16.497517,107.599417,0,0,500,TRUE,02/10/2026,Nguồn mở: data.hue.gov.vn (DLM-Hue:9),data.hue.gov.vn,"03,08,15",Đặt nhà chờ 8 mét,
BUS-019,"Đối diện Đình Phổ Nam (Phú Thượng, Phú Vang)",Mỹ Thượng,Cấp đô thị,16.495700,107.598150,0,0,500,TRUE,02/10/2026,Nguồn mở: data.hue.gov.vn (DLM-Hue:10),data.hue.gov.vn,03,Đặt biển báo,
BUS-020,"01 Thôn Nam Thượng (Phú Thượng, Phú Vang)",Mỹ Thượng,Cấp đô thị,16.494183,107.597233,0,0,500,TRUE,02/10/2026,Nguồn mở: data.hue.gov.vn (DLM-Hue:11),data.hue.gov.vn,03,Đặt biển báo,
BUS-021,363 Nguyễn Sinh Cung,Mỹ Thượng,Cấp đô thị,16.491317,107.594567,0,0,500,TRUE,02/10/2026,Nguồn mở: data.hue.gov.vn (DLM-Hue:12),data.hue.gov.vn,03,Đặt biển báo,
BUS-022,Đối diện cửa hàng xăng dầu Phú Thuận,Phú Xuân,Cấp đô thị,16.474400,107.559917,0,0,500,TRUE,02/10/2026,Nguồn mở: data.hue.gov.vn (DLM-Hue:13),data.hue.gov.vn,"01,04,07,13,18",Đặt biển báo,
BUS-023,297 Lê Duẩn,Phú Xuân,Cấp đô thị,16.470833,107.562650,0,0,500,TRUE,02/10/2026,Nguồn mở: data.hue.gov.vn (DLM-Hue:40),data.hue.gov.vn,"01,04,07,13,18",Đặt biển báo,
BUS-024,Bãi đỗ xe Nguyễn Hoàng,Phú Xuân,Cấp đô thị,16.466750,107.582833,0,0,500,TRUE,02/10/2026,Nguồn mở: data.hue.gov.vn (DLM-Hue:32),data.hue.gov.vn,"04,07,13",Đặt nhà chờ 8 mét,
BUS-025,159 Lê Duẩn,Phú Xuân,Cấp đô thị,16.465817,107.566467,0,0,500,TRUE,02/10/2026,Nguồn mở: data.hue.gov.vn (DLM-Hue:41),data.hue.gov.vn,"01,04,07,13,18",Đặt biển báo,
BUS-026,Cửa Quảng Đức,Phú Xuân,Cấp đô thị,16.464217,107.579050,0,0,500,TRUE,02/10/2026,Nguồn mở: data.hue.gov.vn (DLM-Hue:33),data.hue.gov.vn,"04,07,13,16",Đặt nhà chờ 6 mét,
BUS-027,41 Lê Duẩn,Phú Xuân,Cấp đô thị,16.462100,107.569267,0,0,500,TRUE,02/10/2026,Nguồn mở: data.hue.gov.vn (DLM-Hue:42),data.hue.gov.vn,"01,04,07,13,18",Đặt biển báo,
BUS-028,Ngã tư Lê Duẩn - Kim Long - Cầu Dã Viên,Phú Xuân,Cấp đô thị,16.461467,107.571883,0,0,500,TRUE,02/10/2026,Nguồn mở: data.hue.gov.vn (DLM-Hue:34),data.hue.gov.vn,"04,07,13,16",Đặt nhà chờ 6 mét,
BUS-029,37 Lý Thái Tổ,Thanh Thủy,Cấp đô thị,16.436083,107.630583,0,0,500,TRUE,02/10/2026,Nguồn mở: data.hue.gov.vn (DLM-Hue:1),data.hue.gov.vn,"01,04,07,09,13,18",Đặt biển báo,"Tọa độ nghi sai: tên ""37 Lý Thái Tổ"" (An Hòa) nhưng điểm nằm ở Thủy Dương"
BUS-030,49 Lê Lợi,Thuận Hóa,Cấp đô thị,16.470600,107.594317,0,0,500,TRUE,02/10/2026,Nguồn mở: data.hue.gov.vn (DLM-Hue:18),data.hue.gov.vn,03,Đặt biển báo,
BUS-031,Đối diện Cổng Trường Đại học sư phạm Huế,Thuận Hóa,Cấp đô thị,16.469333,107.592800,0,0,500,TRUE,02/10/2026,"Nguồn mở: data.hue.gov.vn + OSM (DLM-Hue:19; OSM:node/13407968801)",data.hue.gov.vn + OSM,03,Đặt nhà chờ 8 mét,
BUS-032,Đối diện 47 Lê Quý Đôn,Thuận Hóa,Cấp đô thị,16.467133,107.598967,0,0,500,TRUE,02/10/2026,Nguồn mở: data.hue.gov.vn (DLM-Hue:30),data.hue.gov.vn,"04,06,15",Đặt nhà chờ 6 mét,
BUS-033,02 Lê Quý Đôn (đối diện Trung tâm văn hóa thông tin),Thuận Hóa,Cấp đô thị,16.464083,107.595783,0,0,500,TRUE,02/10/2026,Nguồn mở: data.hue.gov.vn (DLM-Hue:31),data.hue.gov.vn,"04,06,15",Đặt nhà chờ 6 mét,
BUS-034,Trường THPT Hai Bà Trưng,Thuận Hóa,Cấp đô thị,16.460883,107.583233,0,0,500,TRUE,02/10/2026,Nguồn mở: data.hue.gov.vn (DLM-Hue:47),data.hue.gov.vn,"01,03,04,09,15",Đặt nhà chờ 6 mét,
BUS-035,38 Đống Đa,Thuận Hóa,Cấp đô thị,16.460500,107.592233,0,0,500,TRUE,02/10/2026,Nguồn mở: data.hue.gov.vn (DLM-Hue:24),data.hue.gov.vn,"03,04,06",Đặt nhà chờ 6 mét,
BUS-036,1 Lê Hồng Phong,Thuận Hóa,Cấp đô thị,16.459683,107.596567,0,0,500,TRUE,02/10/2026,Nguồn mở: data.hue.gov.vn (DLM-Hue:25),data.hue.gov.vn,03,Đặt biển báo,
BUS-037,Đối diện Sở TNMT (đường Nguyễn Huệ),Thuận Hóa,Cấp đô thị,16.458650,107.597933,0,0,500,TRUE,02/10/2026,Nguồn mở: data.hue.gov.vn (DLM-Hue:26),data.hue.gov.vn,03,Đặt nhà chờ 6 mét,
BUS-038,02 Đống Đa,Thuận Hóa,Cấp đô thị,16.458467,107.589900,0,0,500,TRUE,02/10/2026,Nguồn mở: data.hue.gov.vn (DLM-Hue:23),data.hue.gov.vn,"03,04",Đặt nhà chờ 6 mét,
BUS-039,99 Bùi Thị Xuân,Thuận Hóa,Cấp đô thị,16.458083,107.575367,0,0,500,TRUE,02/10/2026,Nguồn mở: data.hue.gov.vn (DLM-Hue:43),data.hue.gov.vn,"01,15,16,18",Đặt nhà chờ 6 mét,
BUS-040,Đối diện Đại học Huế,Thuận Hóa,Cấp đô thị,16.458067,107.580017,0,0,500,TRUE,02/10/2026,Nguồn mở: data.hue.gov.vn (DLM-Hue:45),data.hue.gov.vn,"01,09,15",Đặt nhà chờ 6 mét,
BUS-041,Chợ An Cựu (150-152 Hùng Vương),Thuận Hóa,Cấp đô thị,16.457933,107.599967,0,0,500,TRUE,02/10/2026,Nguồn mở: data.hue.gov.vn (DLM-Hue:27),data.hue.gov.vn,"03,04,06,10",Đặt biển báo,
BUS-042,Số 10 Nguyễn Huệ,Thuận Hóa,Cấp đô thị,16.457883,107.581583,0,0,500,TRUE,02/10/2026,Nguồn mở: data.hue.gov.vn (DLM-Hue:20),data.hue.gov.vn,"03,04",Đặt biển báo,
BUS-043,Đối diện 41 Nguyễn Huệ,Thuận Hóa,Cấp đô thị,16.457633,107.587467,0,0,500,TRUE,02/10/2026,Nguồn mở: data.hue.gov.vn (DLM-Hue:22),data.hue.gov.vn,"03,04",Đặt nhà chờ 6 mét,
BUS-044,83 Bùi Thị Xuân,Thuận Hóa,Cấp đô thị,16.457483,107.577600,0,0,500,TRUE,02/10/2026,Nguồn mở: data.hue.gov.vn (DLM-Hue:44),data.hue.gov.vn,"01,15,16,18",Đặt nhà chờ 6 mét,
BUS-045,Ngã tư Phan Bội Châu Nguyễn Huệ (Hường Nguyễn Huệ),Thuận Hóa,Cấp đô thị,16.457267,107.584250,0,0,500,TRUE,02/10/2026,Nguồn mở: data.hue.gov.vn (DLM-Hue:21),data.hue.gov.vn,"03,04",Đặt nhà chờ 6 mét,
BUS-046,289 Nguyễn Sinh Cung,Vỹ Dạ,Cấp đô thị,16.487983,107.594933,0,0,500,TRUE,02/10/2026,Nguồn mở: data.hue.gov.vn (DLM-Hue:14),data.hue.gov.vn,03,Đặt biển báo,
BUS-047,211 Nguyễn Sinh Cung,Vỹ Dạ,Cấp đô thị,16.484133,107.595750,0,0,500,TRUE,02/10/2026,"Nguồn mở: data.hue.gov.vn + OSM (DLM-Hue:15; OSM:node/13685921911)",data.hue.gov.vn + OSM,03,Đặt biển báo,
BUS-048,123 Nguyễn Sinh Cung,Vỹ Dạ,Cấp đô thị,16.479683,107.595867,0,0,500,TRUE,02/10/2026,Nguồn mở: data.hue.gov.vn (DLM-Hue:16),data.hue.gov.vn,03,Đặt biển báo,
BUS-049,11 Nguyễn Sinh Cung,Vỹ Dạ,Cấp đô thị,16.474750,107.595250,0,0,500,TRUE,02/10/2026,"Nguồn mở: data.hue.gov.vn + OSM (DLM-Hue:17; OSM:node/13410057101)",data.hue.gov.vn + OSM,03,Đặt biển báo,
BUS-050,131 Bà Triệu (ngã ba Tố Hữu - Bà Triệu),Vỹ Dạ,Cấp đô thị,16.464750,107.600167,0,0,500,TRUE,02/10/2026,Nguồn mở: data.hue.gov.vn (DLM-Hue:29),data.hue.gov.vn,,Đặt biển báo,
BUS-051,Trạm dừng xe buýt,An Cựu,Cấp đô thị,16.454999,107.600585,0,0,500,TRUE,02/10/2026,Nguồn mở: OSM (OSM:node/6095788185),OSM,,,OSM không có tên
BUS-052,Trạm dừng xe buýt,An Cựu,Cấp đô thị,16.450432,107.605836,0,0,500,TRUE,02/10/2026,Nguồn mở: OSM (OSM:node/12554149801),OSM,,,OSM không có tên
BUS-053,Trạm dừng xe buýt,Hương An,Cấp đô thị,16.486289,107.546455,0,0,500,TRUE,02/10/2026,Nguồn mở: OSM (OSM:node/11140125805),OSM,,,OSM không có tên
BUS-054,Trạm dừng xe buýt,Hương Trà,Cấp đô thị,16.538375,107.463485,0,0,500,TRUE,02/10/2026,Nguồn mở: OSM (OSM:node/1024567574),OSM,,,OSM không có tên
BUS-055,Trạm dừng xe buýt,Hương Trà,Cấp đô thị,16.538293,107.463197,0,0,500,TRUE,02/10/2026,Nguồn mở: OSM (OSM:node/1024567556),OSM,,,OSM không có tên
BUS-056,Trạm dừng xe buýt,Hương Trà,Cấp đô thị,16.521407,107.480865,0,0,500,TRUE,02/10/2026,Nguồn mở: OSM (OSM:node/1024567323),OSM,,,OSM không có tên
BUS-057,Trạm dừng xe buýt,Hương Trà,Cấp đô thị,16.509833,107.501093,0,0,500,TRUE,02/10/2026,Nguồn mở: OSM (OSM:node/1024567661),OSM,,,OSM không có tên
BUS-058,Trạm dừng xe buýt,Kim Trà,Cấp đô thị,16.506592,107.507989,0,0,500,TRUE,02/10/2026,Nguồn mở: OSM (OSM:node/1024567525),OSM,,,OSM không có tên
BUS-059,Trạm dừng xe buýt,Phong Thái,Cấp đô thị,16.553971,107.403148,0,0,500,TRUE,02/10/2026,Nguồn mở: OSM (OSM:node/1024567363),OSM,,,OSM không có tên
BUS-060,Trạm dừng xe buýt,Phong Thái,Cấp đô thị,16.551301,107.443059,0,0,500,TRUE,02/10/2026,Nguồn mở: OSM (OSM:node/1024567579),OSM,,,OSM không có tên
BUS-061,Trạm dừng xe buýt,Phong Thái,Cấp đô thị,16.551270,107.442800,0,0,500,TRUE,02/10/2026,Nguồn mở: OSM (OSM:node/1024567560),OSM,,,OSM không có tên
BUS-062,Trạm dừng xe buýt,Phong Thái,Cấp đô thị,16.549254,107.416273,0,0,500,TRUE,02/10/2026,Nguồn mở: OSM (OSM:node/1024567271),OSM,,,OSM không có tên
BUS-063,Trạm dừng xe buýt,Phú Bài,Cấp đô thị,16.412291,107.673128,0,0,500,TRUE,02/10/2026,Nguồn mở: OSM (OSM:node/9921300159),OSM,,,OSM không có tên
BUS-064,Trạm dừng xe buýt,Phú Bài,Cấp đô thị,16.402428,107.685364,0,0,500,TRUE,02/10/2026,Nguồn mở: OSM (OSM:node/1025708533),OSM,,,OSM không có tên
BUS-065,Trạm dừng xe buýt,Phú Bài,Cấp đô thị,16.391241,107.699095,0,0,500,TRUE,02/10/2026,Nguồn mở: OSM (OSM:node/9921303819),OSM,,,OSM không có tên
BUS-066,Trạm dừng xe buýt,Phú Bài,Cấp đô thị,16.381433,107.712738,0,0,500,TRUE,02/10/2026,Nguồn mở: OSM (OSM:node/9921295967),OSM,,,OSM không có tên
BUS-067,Trạm dừng xe buýt,Phú Bài,Cấp đô thị,16.338254,107.563909,0,0,500,TRUE,02/10/2026,Nguồn mở: OSM (OSM:node/6471526687),OSM,,,OSM không có tên
BUS-068,Bushaltestelle,Phú Xuân,Cấp đô thị,16.468949,107.585679,0,0,500,TRUE,02/10/2026,Nguồn mở: OSM (OSM:node/11759948656),OSM,,,
BUS-069,Bushaltestelle,Phú Xuân,Cấp đô thị,16.468721,107.585647,0,0,500,TRUE,02/10/2026,Nguồn mở: OSM (OSM:node/11667606114),OSM,,,
BUS-070,Trạm dừng xe buýt,Phú Xuân,Cấp đô thị,16.464840,107.567338,0,0,500,TRUE,02/10/2026,Nguồn mở: OSM (OSM:node/1024567282),OSM,,,OSM không có tên
BUS-071,3,Thuận An,Cấp đô thị,16.557192,107.650939,0,0,500,TRUE,02/10/2026,Nguồn mở: OSM (OSM:node/5507042721),OSM,,,
BUS-072,Trạm dừng xe buýt,Thuận Hóa,Cấp đô thị,16.471869,107.596020,0,0,500,TRUE,02/10/2026,Nguồn mở: OSM (OSM:node/7061520186),OSM,,,OSM không có tên
BUS-073,Trạm dừng xe buýt,Thuận Hóa,Cấp đô thị,16.469737,107.592739,0,0,500,TRUE,02/10/2026,Nguồn mở: OSM (OSM:node/12311534436),OSM,,,OSM không có tên
BUS-074,Trạm dừng xe buýt,Thuận Hóa,Cấp đô thị,16.469252,107.593147,0,0,500,TRUE,02/10/2026,Nguồn mở: OSM (OSM:node/1024567686),OSM,,,OSM không có tên
BUS-075,"Line 3, direction to beach",Thuận Hóa,Cấp đô thị,16.468571,107.592060,0,0,500,TRUE,02/10/2026,Nguồn mở: OSM (OSM:node/9878274518),OSM,,,
BUS-076,Trạm dừng xe buýt,Thuận Hóa,Cấp đô thị,16.463863,107.588834,0,0,500,TRUE,02/10/2026,Nguồn mở: OSM (OSM:node/10875048015),OSM,,,OSM không có tên
BUS-077,Trạm dừng xe buýt,Thuận Hóa,Cấp đô thị,16.463624,107.588984,0,0,500,TRUE,02/10/2026,Nguồn mở: OSM (OSM:node/10873164030),OSM,,,OSM không có tên
BUS-078,Trạm dừng xe buýt,Thuận Hóa,Cấp đô thị,16.463564,107.594129,0,0,500,TRUE,02/10/2026,Nguồn mở: OSM (OSM:node/5121070121),OSM,,Có nhà chờ (OSM),OSM không có tên
BUS-079,Trạm dừng xe buýt,Thuận Hóa,Cấp đô thị,16.463020,107.585518,0,0,500,TRUE,02/10/2026,Nguồn mở: OSM (OSM:node/13408039602),OSM,,,OSM không có tên
BUS-080,Trạm dừng xe buýt,Thuận Hóa,Cấp đô thị,16.459882,107.598959,0,0,500,TRUE,02/10/2026,Nguồn mở: OSM (OSM:node/10888600705),OSM,,,OSM không có tên
BUS-081,Trạm dừng xe buýt,Thuận Hóa,Cấp đô thị,16.458345,107.580714,0,0,500,TRUE,02/10/2026,Nguồn mở: OSM (OSM:node/13664770648),OSM,,Có nhà chờ (OSM),OSM không có tên
BUS-082,Trạm dừng xe buýt,Thuận Hóa,Cấp đô thị,16.458133,107.581041,0,0,500,TRUE,02/10/2026,Nguồn mở: OSM (OSM:node/10287441309),OSM,,,OSM không có tên
BUS-083,Trạm dừng xe buýt,Vỹ Dạ,Cấp đô thị,16.477590,107.595792,0,0,500,TRUE,02/10/2026,Nguồn mở: OSM (OSM:node/4917007826),OSM,,,OSM không có tên
BUS-084,Trạm dừng xe buýt,Vỹ Dạ,Cấp đô thị,16.469728,107.609140,0,0,500,TRUE,02/10/2026,Nguồn mở: OSM (OSM:node/7041239591),OSM,,,OSM không có tên
BUS-085,Trạm dừng xe buýt,Vỹ Dạ,Cấp đô thị,16.467552,107.601463,0,0,500,TRUE,02/10/2026,Nguồn mở: OSM (OSM:node/6518167185),OSM,,,OSM không có tên
BUS-086,Trạm dừng xe buýt,Vỹ Dạ,Cấp đô thị,16.460296,107.599746,0,0,500,TRUE,02/10/2026,Nguồn mở: OSM (OSM:node/13408554802),OSM,,,OSM không có tên
BUS-087,Trạm dừng xe buýt,Hưng Lộc,Cấp đô thị,16.367613,107.727696,0,0,500,TRUE,02/10/2026,Nguồn mở: OSM (OSM:node/1025708427),OSM,,,OSM không có tên
BUS-088,Trạm dừng xe buýt,Hưng Lộc,Cấp đô thị,16.333464,107.747618,0,0,500,TRUE,02/10/2026,Nguồn mở: OSM (OSM:node/1025708677),OSM,,,OSM không có tên
BUS-089,Trạm dừng xe buýt,Lộc An,Cấp đô thị,16.327218,107.759864,0,0,500,TRUE,02/10/2026,Nguồn mở: OSM (OSM:node/1025708573),OSM,,,OSM không có tên
BUS-090,Trạm dừng xe buýt,Lộc An,Cấp đô thị,16.325773,107.764783,0,0,500,TRUE,02/10/2026,Nguồn mở: OSM (OSM:node/1025708645),OSM,,,OSM không có tên
BUS-091,Trạm dừng xe buýt,Lộc An,Cấp đô thị,16.322312,107.771971,0,0,500,TRUE,02/10/2026,Nguồn mở: OSM (OSM:node/1036552417),OSM,,,OSM không có tên
BUS-092,Trạm dừng xe buýt,Lộc An,Cấp đô thị,16.316505,107.779054,0,0,500,TRUE,02/10/2026,Nguồn mở: OSM (OSM:node/1036552724),OSM,,,OSM không có tên
BUS-093,Trạm dừng xe buýt,Phú Lộc,Cấp đô thị,16.274982,107.864809,0,0,500,TRUE,02/10/2026,Nguồn mở: OSM (OSM:node/10888642006),OSM,,,OSM không có tên